id,batchID,batchIDLastChangedAt,gameID,gameIDLastChangedAt,playerID,playerIDLastChangedAt,roundID,roundIDLastChangedAt,serverTimestamp,serverTimestampLastChangedAt,stageID,stageIDLastChangedAt,submit,submitLastChangedAt
01JRAQGD4VRWZP6SXZBA5BWCHK,01JRAPYG2MCM1923V3H7WQVS5E,2025-04-08T13:55:21.499960804+01:00,01JRAPYG2XVGNRY74H6MTPK5SJ,2025-04-08T13:55:21.499960804+01:00,01JRAPYK4DCGG0T7Z43GJDHSC9,2025-04-08T13:55:21.499960804+01:00,01JRAPYZF2RWFJPT2RY8HKN26J,2025-04-08T13:55:21.499960804+01:00,,,01JRAPYZFG62Z5CN92WMVNKFEN,2025-04-08T13:55:21.499960804+01:00,true,2025-04-08T13:55:49.391685137+01:00
01JRAPYZHEFWX1H8Z1RC9K1QR5,01JRAPYG2MCM1923V3H7WQVS5E,2025-04-08T13:45:50.510827763+01:00,01JRAPYG2XVGNRY74H6MTPK5SJ,2025-04-08T13:45:50.510827763+01:00,01JRAPYK4DCGG0T7Z43GJDHSC9,2025-04-08T13:45:50.510827763+01:00,01JRAPYZF1G58F1H68J602HA76,2025-04-08T13:45:50.510827763+01:00,1744116406458,2025-04-08T13:46:46.459175536+01:00,01JRAPYZF7F767BNPWB77C6T2E,2025-04-08T13:45:50.510827763+01:00,,
01JRAQ4QDSQ8WKWMNT7T7NWX4J,01JRAPYG2MCM1923V3H7WQVS5E,2025-04-08T13:48:58.809176601+01:00,01JRAPYG2XVGNRY74H6MTPK5SJ,2025-04-08T13:48:58.809176601+01:00,01JRAPYK4DCGG0T7Z43GJDHSC9,2025-04-08T13:48:58.809176601+01:00,01JRAPYZF1G58F1H68J602HA76,2025-04-08T13:48:58.809176601+01:00,,,01JRAPYZF7F767BNPWC1ZNAXCQ,2025-04-08T13:48:58.809176601+01:00,true,2025-04-08T13:49:03.683448905+01:00
01JRAQ4W6N1D0SZ52PZ5PDCHZ0,01JRAPYG2MCM1923V3H7WQVS5E,2025-04-08T13:49:03.701585456+01:00,01JRAPYG2XVGNRY74H6MTPK5SJ,2025-04-08T13:49:03.701585456+01:00,01JRAPYK4DCGG0T7Z43GJDHSC9,2025-04-08T13:49:03.701585456+01:00,01JRAPYZF2RWFJPT2RXMH8RK0V,2025-04-08T13:49:03.701585456+01:00,1744116718058,2025-04-08T13:51:58.059617888+01:00,01JRAPYZFB0VVXNA9TCRDK2AFQ,2025-04-08T13:49:03.701585456+01:00,,
01JRAQAJXEMCQK41JW11EHECG0,01JRAPYG2MCM1923V3H7WQVS5E,2025-04-08T13:52:10.798509136+01:00,01JRAPYG2XVGNRY74H6MTPK5SJ,2025-04-08T13:52:10.798509136+01:00,01JRAPYK4DCGG0T7Z43GJDHSC9,2025-04-08T13:52:10.798509136+01:00,01JRAPYZF2RWFJPT2RXMH8RK0V,2025-04-08T13:52:10.798509136+01:00,,,01JRAPYZFB0VVXNA9TD6J287QT,2025-04-08T13:52:10.798509136+01:00,true,2025-04-08T13:52:12.424051395+01:00
01JRAQAMGT1X6WNZKGYP7B7FH5,01JRAPYG2MCM1923V3H7WQVS5E,2025-04-08T13:52:12.442144177+01:00,01JRAPYG2XVGNRY74H6MTPK5SJ,2025-04-08T13:52:12.442144177+01:00,01JRAPYK4DCGG0T7Z43GJDHSC9,2025-04-08T13:52:12.442144177+01:00,01JRAPYZF2RWFJPT2RY8HKN26J,2025-04-08T13:52:12.442144177+01:00,1744116915791,2025-04-08T13:55:15.792596684+01:00,01JRAPYZFG62Z5CN92W0RE2BV2,2025-04-08T13:52:12.442144177+01:00,,
